"host";"query";"affected"
"localhost0";"query0";"f"
"localhost1";"query1";"f"
"localhost10";"query10";"f"
"localhost11";"query11";"f"
"localhost12";"query12";"f"
"localhost13";"query13";"f"
"localhost14";"query14";"f"
"localhost15";"query15";"f"
"localhost16";"query16";"f"
"localhost17";"query17";"f"
"localhost18";"query18";"f"
"localhost19";"query19";"f"
"localhost2";"query2";"f"
"localhost20";"query20";"f"
"localhost21";"query21";"f"
"localhost22";"query22";"f"
"localhost23";"query23";"f"
"localhost24";"query24";"f"
"localhost25";"query25";"f"
"localhost26";"query26";"f"
"localhost27";"query27";"f"
"localhost28";"query28";"f"
"localhost29";"query29";"f"
"localhost3";"query3";"f"
"localhost30";"query30";"f"
"localhost31";"query31";"f"
"localhost32";"query32";"f"
"localhost33";"query33";"f"
"localhost34";"query34";"f"
"localhost35";"query35";"f"
"localhost36";"query36";"f"
"localhost37";"query37";"f"
"localhost38";"query38";"f"
"localhost39";"query39";"f"
"localhost4";"query4";"f"
"localhost40";"query40";"f"
"localhost41";"query41";"f"
"localhost42";"query42";"f"
"localhost43";"query43";"f"
"localhost44";"query44";"f"
"localhost45";"query45";"f"
"localhost46";"query46";"f"
"localhost47";"query47";"f"
"localhost48";"query48";"f"
"localhost49";"query49";"f"
"localhost5";"query5";"f"
"localhost50";"query50";"f"
"localhost51";"query51";"f"
"localhost52";"query52";"f"
"localhost53";"query53";"f"
"localhost54";"query54";"f"
"localhost55";"query55";"f"
"localhost56";"query56";"f"
"localhost57";"query57";"f"
"localhost58";"query58";"f"
"localhost59";"query59";"f"
"localhost6";"query6";"f"
"localhost60";"query60";"f"
"localhost61";"query61";"f"
"localhost62";"query62";"f"
"localhost63";"query63";"f"
"localhost64";"query64";"f"
"localhost65";"query65";"f"
"localhost66";"query66";"f"
"localhost67";"query67";"f"
"localhost68";"query68";"f"
"localhost69";"query69";"f"
"localhost7";"query7";"f"
"localhost70";"query70";"f"
"localhost71";"query71";"f"
"localhost72";"query72";"f"
"localhost73";"query73";"f"
"localhost74";"query74";"f"
"localhost75";"query75";"f"
"localhost76";"query76";"f"
"localhost77";"query77";"f"
"localhost78";"query78";"f"
"localhost79";"query79";"f"
"localhost8";"query8";"f"
"localhost80";"query80";"f"
"localhost81";"query81";"f"
"localhost82";"query82";"f"
"localhost83";"query83";"f"
"localhost84";"query84";"f"
"localhost85";"query85";"f"
"localhost86";"query86";"f"
"localhost87";"query87";"f"
"localhost88";"query88";"f"
"localhost89";"query89";"f"
"localhost9";"query9";"f"
"localhost90";"query90";"f"
"localhost91";"query91";"f"
"localhost92";"query92";"f"
"localhost93";"query93";"f"
"localhost94";"query94";"f"
"localhost95";"query95";"f"
"localhost96";"query96";"f"
"localhost97";"query97";"f"
"localhost98";"query98";"f"
"localhost99";"query99";"f"
